{
  "incumbent_ids": [
    12
  ],
  "rejected_config_ids": [
    1,
    4
  ],
  "incumbents_changed": 3,
  "trajectory": [
    {
      "config_ids": [
        1
      ],
      "costs": [
        -246.0
      ],
      "trial": 1,
      "walltime": 100.03005051612854
    },
    {
      "config_ids": [
        4
      ],
      "costs": [
        -195.5
      ],
      "trial": 13,
      "walltime": 1300.7288682460785
    },
    {
      "config_ids": [
        12
      ],
      "costs": [
        -237.58333333333334
      ],
      "trial": 89,
      "walltime": 8904.909322023392
    }
  ],
  "state": {
    "queue": [
      [
        34,
        8
      ]
    ]
  }
}