{
  "incumbent_ids": [
    6
  ],
  "rejected_config_ids": [
    1,
    3,
    4
  ],
  "incumbents_changed": 4,
  "trajectory": [
    {
      "config_ids": [
        1
      ],
      "costs": [
        -249.0
      ],
      "trial": 1,
      "walltime": 100.01771020889282
    },
    {
      "config_ids": [
        3
      ],
      "costs": [
        -99.33333333333333
      ],
      "trial": 8,
      "walltime": 826.5421228408813
    },
    {
      "config_ids": [
        4
      ],
      "costs": [
        -155.75
      ],
      "trial": 13,
      "walltime": 1330.025601863861
    },
    {
      "config_ids": [
        6
      ],
      "costs": [
        -157.16666666666666
      ],
      "trial": 26,
      "walltime": 2641.1169261932373
    }
  ],
  "state": {
    "queue": [
      [
        34,
        8
      ]
    ]
  }
}