{
  "incumbent_ids": [
    3
  ],
  "rejected_config_ids": [
    1
  ],
  "incumbents_changed": 2,
  "trajectory": [
    {
      "config_ids": [
        1
      ],
      "costs": [
        9.223372036854776e+18
      ],
      "trial": 1,
      "walltime": 100.68998575210571
    },
    {
      "config_ids": [
        3
      ],
      "costs": [
        6.148953791814484e+18
      ],
      "trial": 8,
      "walltime": 803.4576015472412
    }
  ],
  "state": {
    "queue": [
      [
        32,
        32
      ]
    ]
  }
}