{
  "incumbent_ids": [
    4
  ],
  "rejected_config_ids": [
    1
  ],
  "incumbents_changed": 2,
  "trajectory": [
    {
      "config_ids": [
        1
      ],
      "costs": [
        9.223372036854776e+18
      ],
      "trial": 1,
      "walltime": 100.55177044868469
    },
    {
      "config_ids": [
        4
      ],
      "costs": [
        4.611686018427388e+18
      ],
      "trial": 13,
      "walltime": 1302.604843378067
    }
  ],
  "state": {
    "queue": [
      [
        34,
        16
      ]
    ]
  }
}