{
  "incumbent_ids": [
    13
  ],
  "rejected_config_ids": [
    1,
    3,
    6
  ],
  "incumbents_changed": 4,
  "trajectory": [
    {
      "config_ids": [
        1
      ],
      "costs": [
        6661008.0
      ],
      "trial": 1,
      "walltime": 100.05357384681702
    },
    {
      "config_ids": [
        3
      ],
      "costs": [
        2207344.6666666665
      ],
      "trial": 8,
      "walltime": 801.1496889591217
    },
    {
      "config_ids": [
        6
      ],
      "costs": [
        1696064.6666666667
      ],
      "trial": 26,
      "walltime": 2603.817720890045
    },
    {
      "config_ids": [
        13
      ],
      "costs": [
        1.4189895463383194e+18
      ],
      "trial": 103,
      "walltime": 10312.305905342102
    }
  ],
  "state": {
    "queue": [
      [
        31,
        16
      ]
    ]
  }
}